modelo,conjunto_atributos,ano_teste,n_treino,n_teste,MAE,RMSE,MAPE_%_sem_zeros,WAPE_%,R2
DummyMedia,calendario,2023,1524,1524,4.985783888234443,8.59056358573554,133.10591328173768,97.42703738516849,-0.00024764452480741106
DummyMedia,calendario,2024,3048,1524,5.175203739296368,9.231880521065897,132.51730503935036,94.10584057615637,-0.0023760827102126125
DummyMedia,calendario,2025,4572,1524,5.1058924803034795,8.953317253095756,135.15188638464986,95.05717248940266,-0.0003678905788171427
DummyMedia,calendario,2026,6096,635,5.24508881517763,9.27720409998181,133.4124598750282,94.13881847478223,-0.001259498817220317
Ridge,calendario,2023,1524,1524,5.3219044250070935,8.605942993416978,154.89819392415174,103.99515763188627,-0.003832272283108562
Ridge,calendario,2024,3048,1524,5.260127672425476,9.22339584402085,138.87311955349415,95.65009632235325,-0.0005344364539190405
Ridge,calendario,2025,4572,1524,5.34652612105157,8.958109272097008,151.52166605420058,99.5370853711531,-0.0014390164363964342
Ridge,calendario,2026,6096,635,5.363194995011647,9.272757708434503,141.48102036252993,96.25858738927067,-0.000299958670044953
Poisson,calendario,2023,1524,1524,5.273401486127315,8.601259858496867,151.62465539126327,103.04736331398934,-0.002740049648740861
Poisson,calendario,2024,3048,1524,5.262012499105305,9.223347851048311,139.00169520426243,95.6843699873104,-0.0005240241290840331
Poisson,calendario,2025,4572,1524,5.355000304559269,8.958732247102706,152.07672100902425,99.69485052709902,-0.001578307697757353
Poisson,calendario,2026,6096,635,5.36454165039963,9.272774470870152,141.5844089413198,96.28275715103915,-0.0003035751732192171
RandomForest,calendario,2023,1524,1524,5.058757938474902,8.590104873410391,137.4108061516487,98.85302087749392,-0.00014082646376922803
RandomForest,calendario,2024,3048,1524,5.239886147116984,9.225229488987456,137.05322133284295,95.28202467732112,-0.0009322958387776303
RandomForest,calendario,2025,4572,1524,5.299868643918125,8.956516345595812,148.45545759873605,98.66845606317153,-0.0010828973336565184
RandomForest,calendario,2026,6096,635,5.295287884695952,9.273587219796422,137.27226162338576,95.039791033972,-0.00047893396973219815
HistGradientBoosting,calendario,2023,1524,1524,4.99714799202481,8.593185673750813,132.7309807970076,97.64910295994115,-0.0008583466289044939
HistGradientBoosting,calendario,2024,3048,1524,5.188222394868159,9.233165627628388,132.60310081122293,94.34257164752505,-0.0026551698879522245
HistGradientBoosting,calendario,2025,4572,1524,5.2735542173349526,8.960565580800944,146.51205358490304,98.17855640384153,-0.00198827980027505
HistGradientBoosting,calendario,2026,6096,635,5.388385125150591,9.270867738701707,143.49183072651792,96.71069967412734,0.0001077612425922636
DummyMedia,calendario_lags,2023,1524,1524,4.985783888234443,8.59056358573554,133.10591328173768,97.42703738516849,-0.00024764452480741106
DummyMedia,calendario_lags,2024,3048,1524,5.175203739296368,9.231880521065897,132.51730503935036,94.10584057615637,-0.0023760827102126125
DummyMedia,calendario_lags,2025,4572,1524,5.1058924803034795,8.953317253095756,135.15188638464986,95.05717248940266,-0.0003678905788171427
DummyMedia,calendario_lags,2026,6096,635,5.24508881517763,9.27720409998181,133.4124598750282,94.13881847478223,-0.001259498817220317
Ridge,calendario_lags,2023,1524,1524,2.0755351963296143,3.0293175339705374,66.85278339971275,40.55796434422788,0.8756190638963175
Ridge,calendario_lags,2024,3048,1524,1.7524003660918934,2.672247767963342,51.13669454588137,31.86562651144309,0.9160146007425017
Ridge,calendario_lags,2025,4572,1524,1.7209885320191969,2.7203183856174475,49.52001154081028,32.039903772260644,0.9076511971799431
Ridge,calendario_lags,2026,6096,635,1.8139597882824192,2.98572783930873,51.935273958736296,32.55693797510843,0.8962918560481071
Poisson,calendario_lags,2023,1524,1524,3.27025153133562,6.210913968922868,66.85516001360595,63.903876570784526,0.47715224080614627
Poisson,calendario_lags,2024,3048,1524,3.3900935751885455,6.263794569435213,71.32198520814846,61.645419503488164,0.5385492490857904
Poisson,calendario_lags,2025,4572,1524,3.3266998031852846,6.710741120009582,75.30156718257807,61.93367334539914,0.4380045920306933
Poisson,calendario_lags,2026,6096,635,3.5307154251726653,7.3596676797913965,75.42918555673795,63.36925650041386,0.36987191629698635
RandomForest,calendario_lags,2023,1524,1524,1.7528876812092602,2.628876487186712,57.210078147896105,34.25311996618685,0.906329122647424
RandomForest,calendario_lags,2024,3048,1524,1.7000738399913276,2.6565012659783673,47.94217954405634,30.914121610151334,0.9170014701911154
RandomForest,calendario_lags,2025,4572,1524,1.751181486116207,2.8062218245803936,50.46067406550292,32.602010564880274,0.9017266429283233
RandomForest,calendario_lags,2026,6096,635,1.8748224449963613,3.036180659488088,52.63218639958117,33.64930052494883,0.8927573231675117
HistGradientBoosting,calendario_lags,2023,1524,1524,1.9858585781068416,3.0839676576192274,61.13990176297288,38.805596525642095,0.8710908177173177
HistGradientBoosting,calendario_lags,2024,3048,1524,1.7834041327916155,2.853567829616773,48.24840898186482,32.42939862038446,0.9042306046136036
HistGradientBoosting,calendario_lags,2025,4572,1524,1.8348179014468518,3.0474722004922423,49.55052815787888,34.15908235774496,0.884103238288325
HistGradientBoosting,calendario_lags,2026,6096,635,1.981769872903679,3.3147193995337134,52.35370792633379,35.56879223555217,0.8721778945758348
DummyMedia,calendario_lags_municipio,2023,1524,1524,4.985783888234443,8.59056358573554,133.10591328173768,97.42703738516849,-0.00024764452480741106
DummyMedia,calendario_lags_municipio,2024,3048,1524,5.175203739296368,9.231880521065897,132.51730503935036,94.10584057615637,-0.0023760827102126125
DummyMedia,calendario_lags_municipio,2025,4572,1524,5.1058924803034795,8.953317253095756,135.15188638464986,95.05717248940266,-0.0003678905788171427
DummyMedia,calendario_lags_municipio,2026,6096,635,5.24508881517763,9.27720409998181,133.4124598750282,94.13881847478223,-0.001259498817220317
Ridge,calendario_lags_municipio,2023,1524,1524,1.958150162392836,2.9069749732613763,62.48912397686556,38.264147294354174,0.8854627347261084
Ridge,calendario_lags_municipio,2024,3048,1524,1.713327869490933,2.645625063680071,48.36001608359652,31.155132718102635,0.9176797012800226
Ridge,calendario_lags_municipio,2025,4572,1524,1.726012249733542,2.7496917070350766,49.19062985665526,32.1334310847046,0.9056461112870076
Ridge,calendario_lags_municipio,2026,6096,635,1.7964740435497584,2.9599997711685657,50.84165533486856,32.24310394726107,0.8980714651288418
Poisson,calendario_lags_municipio,2023,1524,1524,2.4726418004220787,4.5176090846115144,53.333475658378816,48.317811307132295,0.7233813101916795
Poisson,calendario_lags_municipio,2024,3048,1524,2.4814229114700286,3.7834677147213513,54.313091872645224,45.122163430143466,0.8316432978820749
Poisson,calendario_lags_municipio,2025,4572,1524,2.412215818831871,3.9425212946352874,57.42739599270399,44.908586707790995,0.806027621249396
Poisson,calendario_lags_municipio,2026,6096,635,2.567723107781276,4.347635602548374,58.25669269119157,46.08547692032533,0.7801033061808449
RandomForest,calendario_lags_municipio,2023,1524,1524,1.7323175100404988,2.611965410026586,54.637073241539454,33.85115893450084,0.9075303813675156
RandomForest,calendario_lags_municipio,2024,3048,1524,1.7103360394119034,2.667358303847795,47.71974786374601,31.10072931707124,0.9163216590321559
RandomForest,calendario_lags_municipio,2025,4572,1524,1.733305293896975,2.760734499568791,49.671586409443265,32.26920679085011,0.9048867369780846
RandomForest,calendario_lags_municipio,2026,6096,635,1.84956837008835,3.0173388972892896,51.712409389554104,33.19604055981069,0.8940842344742932
HistGradientBoosting,calendario_lags_municipio,2023,1524,1524,1.9858585781068416,3.0839676576192274,61.13990176297288,38.805596525642095,0.8710908177173177
HistGradientBoosting,calendario_lags_municipio,2024,3048,1524,1.7851987865368963,2.7957934692666555,47.971723211217196,32.462032581818754,0.908069310525161
HistGradientBoosting,calendario_lags_municipio,2025,4572,1524,1.864852863581846,3.0498757882946776,52.267836760120815,34.71824779011401,0.8839203471051478
HistGradientBoosting,calendario_lags_municipio,2026,6096,635,1.9500924345218629,3.2548658614657073,51.33228988087506,35.00024578635904,0.8767523585069537
DummyMedia,completo_historico,2023,1524,1524,4.985783888234443,8.59056358573554,133.10591328173768,97.42703738516849,-0.00024764452480741106
DummyMedia,completo_historico,2024,3048,1524,5.175203739296368,9.231880521065897,132.51730503935036,94.10584057615637,-0.0023760827102126125
DummyMedia,completo_historico,2025,4572,1524,5.1058924803034795,8.953317253095756,135.15188638464986,95.05717248940266,-0.0003678905788171427
DummyMedia,completo_historico,2026,6096,635,5.24508881517763,9.27720409998181,133.4124598750282,94.13881847478223,-0.001259498817220317
Ridge,completo_historico,2023,1524,1524,1.9226796017577414,2.864187688039535,61.54810976712247,37.571018246939325,0.8888096311394948
Ridge,completo_historico,2024,3048,1524,1.7449342505550705,2.7026140080190793,48.75748458150495,31.729862759168686,0.9140950099143247
Ridge,completo_historico,2025,4572,1524,1.7444462916706185,2.7741269971760367,49.16505136358239,32.47662043129761,0.9039616977902409
Ridge,completo_historico,2026,6096,635,1.808975017842271,2.9551029845362127,51.36947351757218,32.467471349062805,0.8984084309880254
Poisson,completo_historico,2023,1524,1524,2.5679460361241095,5.137079689199348,51.94195181137079,50.18014821199055,0.6423182106968285
Poisson,completo_historico,2024,3048,1524,2.6070503619753924,4.595193908072431,54.040047752254615,47.406571431219405,0.7516535078106572
Poisson,completo_historico,2025,4572,1524,2.4938464746964346,4.533986959123208,57.47704015314199,46.42831697333699,0.7434616308516391
Poisson,completo_historico,2026,6096,635,2.690279055275733,5.237040254550835,57.79458560140588,48.28511023459838,0.6809312646733545
RandomForest,completo_historico,2023,1524,1524,1.714714757866113,2.5887599617370403,54.43574560271352,33.50718413883775,0.9091661358069096
RandomForest,completo_historico,2024,3048,1524,1.7296102214851725,2.6778748553973775,49.160481583380886,31.45121080471785,0.9156605237200224
RandomForest,completo_historico,2025,4572,1524,1.7320641166249926,2.6955165963927152,50.68308769598576,32.24609960586964,0.9093274527413037
RandomForest,completo_historico,2026,6096,635,1.8789744768684646,3.036042917667861,53.64967448490457,33.72382116482405,0.8927670534623094
HistGradientBoosting,completo_historico,2023,1524,1524,1.9896799615461531,3.067636235268541,61.87056936922558,38.88027005252388,0.8724525025413483
HistGradientBoosting,completo_historico,2024,3048,1524,1.7607540365396075,2.7380767120626204,48.32759570234965,32.01752955120346,0.9118257918527392
HistGradientBoosting,completo_historico,2025,4572,1524,1.844389125664106,3.0481431952591493,50.239110658893395,34.33727128649032,0.8840521961938971
HistGradientBoosting,completo_historico,2026,6096,635,1.9439788150694879,3.242273738680782,52.02498260534744,34.890518585899514,0.8777041319327312
NaiveUltimoMes,lag_1m_direto,2023,1524,1524,2.0938320209973753,3.2901068599068783,66.92682306391153,40.91550198743429,0.8532817185871753
NaiveUltimoMes,lag_1m_direto,2024,3048,1524,2.1646981627296586,3.387970846493947,66.88454887509268,39.362844529292445,0.865001272670866
NaiveUltimoMes,lag_1m_direto,2025,4572,1524,2.1581364829396326,3.353123666107466,67.31676648169764,40.178353286098215,0.8596892526055536
NaiveUltimoMes,lag_1m_direto,2026,6096,635,2.44251968503937,4.108949326400745,72.28581929713927,43.83832673827021,0.8035852957295846
